time,speed,speed_est,motor_angle,current,duty,state
0.000000,0.000000,0.000000,0.000000,0.000000,0.000000,0
0.001000,0.000000,0.000000,0.000000,0.000000,0.000000,0
0.002000,0.000000,0.000000,0.000000,0.000000,0.000000,0
0.003000,0.000000,0.000000,0.000000,0.000000,0.000000,0
0.004000,0.000000,0.000000,0.000000,0.000000,0.000000,0
0.005000,0.000000,0.000000,0.000000,0.000000,0.000000,0
0.006000,0.000000,0.000000,0.000000,0.000000,0.000000,0
0.007000,0.000000,0.000000,0.000000,0.000000,0.000000,0
0.008000,0.000000,0.000000,0.000000,0.000000,0.000000,0
0.009000,0.000000,0.000000,0.000000,0.000000,0.000000,0
0.010000,0.000000,0.000000,0.000000,0.000000,0.000000,0
0.011000,0.000000,0.000000,0.000000,0.000000,0.000000,0
0.012000,0.000000,0.000000,0.000000,0.000000,0.000000,0
0.013000,0.000000,0.000000,0.000000,0.000000,0.000000,0
0.014000,0.000000,0.000000,0.000000,0.000000,0.000000,0
0.015000,0.000000,0.000000,0.000000,0.000000,0.000000,0
0.016000,0.000000,0.000000,0.000000,0.000000,0.000000,0
0.017000,0.000000,0.000000,0.000000,0.000000,0.000000,0
0.018000,0.000000,0.000000,0.000000,0.000000,0.000000,0
0.019000,0.000000,0.000000,0.000000,0.000000,0.000000,0
0.020000,0.000000,0.000000,0.000000,0.000000,0.000000,0
0.021000,0.000000,0.000000,0.000000,0.000000,0.000000,0
0.022000,0.000000,0.000000,0.000000,0.000000,0.000000,0
0.023000,0.000000,0.000000,0.000000,0.000000,0.000000,0
0.024000,0.000000,0.000000,0.000000,0.000000,0.000000,0
0.025000,0.000000,0.000000,0.000000,0.000000,0.000000,0
0.026000,0.000000,0.000000,0.000000,0.000000,0.000000,0
0.027000,0.000000,0.000000,0.000000,0.000000,0.000000,0
0.028000,0.000000,0.000000,0.000000,0.000000,0.000000,0
0.029000,0.000000,0.000000,0.000000,0.000000,0.000000,0
0.030000,0.000000,0.000000,0.000000,0.000000,0.000000,0
0.031000,0.000000,0.000000,0.000000,0.000000,0.000000,0
0.032000,0.000000,0.000000,0.000000,0.000000,0.000000,0
0.033000,0.000000,0.000000,0.000000,0.000000,0.000000,0
0.034000,0.000000,0.000000,0.000000,0.000000,0.000000,0
0.035000,0.000000,0.000000,0.000000,0.000000,0.000000,0
0.036000,0.000000,0.000000,0.000000,0.000000,0.000000,0
0.037000,0.000000,0.000000,0.000000,0.000000,0.000000,0
0.038000,0.000000,0.000000,0.000000,0.000000,0.000000,0
0.039000,0.000000,0.000000,0.000000,0.000000,0.000000,0
0.040000,0.000000,0.000000,0.000000,0.000000,0.000000,0
0.041000,0.000000,0.000000,0.000000,0.000000,0.000000,0
0.042000,0.000000,0.000000,0.000000,0.000000,0.000000,0
0.043000,0.000000,0.000000,0.000000,0.000000,0.000000,0
0.044000,0.000000,0.000000,0.000000,0.000000,0.000000,0
0.045000,0.000000,0.000000,0.000000,0.000000,0.000000,0
0.046000,0.000000,0.000000,0.000000,0.000000,0.000000,0
0.047000,0.000000,0.000000,0.000000,0.000000,0.000000,0
0.048000,0.000000,0.000000,0.000000,0.000000,0.000000,0
0.049000,0.000000,0.000000,0.000000,0.000000,0.000000,0
0.050000,0.000000,0.000000,0.000000,0.000000,0.000000,0
0.051000,0.000000,0.000000,0.000000,0.000000,0.000000,0
0.052000,0.000000,0.000000,0.000000,0.000000,0.000000,0
0.053000,0.000000,0.000000,0.000000,0.000000,0.000000,0
0.054000,0.000000,0.000000,0.000000,0.000000,0.000000,0
0.055000,0.000000,0.000000,0.000000,0.000000,0.000000,0
0.056000,0.000000,0.000000,0.000000,0.000000,0.000000,0
0.057000,0.000000,0.000000,0.000000,0.000000,0.000000,0
0.058000,0.000000,0.000000,0.000000,0.000000,0.000000,0
0.059000,0.000000,0.000000,0.000000,0.000000,0.000000,0
0.060000,0.000000,0.000000,0.000000,0.000000,0.000000,0
0.061000,0.000000,0.000000,0.000000,0.000000,0.000000,0
0.062000,0.000000,0.000000,0.000000,0.000000,0.000000,0
0.063000,0.000000,0.000000,0.000000,0.000000,0.000000,0
0.064000,0.000000,0.000000,0.000000,0.000000,0.000000,0
0.065000,0.000000,0.000000,0.000000,0.000000,0.000000,0
0.066000,0.000000,0.000000,0.000000,0.000000,0.000000,0
0.067000,0.000000,0.000000,0.000000,0.000000,0.000000,0
0.068000,0.000000,0.000000,0.000000,0.000000,0.000000,0
0.069000,0.000000,0.000000,0.000000,0.000000,0.000000,0
0.070000,0.000000,0.000000,0.000000,0.000000,0.000000,0
0.071000,0.000000,0.000000,0.000000,0.000000,0.000000,0
0.072000,0.000000,0.000000,0.000000,0.000000,0.000000,0
0.073000,0.000000,0.000000,0.000000,0.000000,0.000000,0
0.074000,0.000000,0.000000,0.000000,0.000000,0.000000,0
0.075000,0.000000,0.000000,0.000000,0.000000,0.000000,0
0.076000,0.000000,0.000000,0.000000,0.000000,0.000000,0
0.077000,0.000000,0.000000,0.000000,0.000000,0.000000,0
0.078000,0.000000,0.000000,0.000000,0.000000,0.000000,0
0.079000,0.000000,0.000000,0.000000,0.000000,0.000000,0
0.080000,0.000000,0.000000,0.000000,0.000000,0.000000,0
0.081000,0.000000,0.000000,0.000000,0.000000,0.000000,0
0.082000,0.000000,0.000000,0.000000,0.000000,0.000000,0
0.083000,0.000000,0.000000,0.000000,0.000000,0.000000,0
0.084000,0.000000,0.000000,0.000000,0.000000,0.000000,0
0.085000,0.000000,0.000000,0.000000,0.000000,0.000000,0
0.086000,0.000000,0.000000,0.000000,0.000000,0.000000,0
0.087000,0.000000,0.000000,0.000000,0.000000,0.000000,0
0.088000,0.000000,0.000000,0.000000,0.000000,0.000000,0
0.089000,0.000000,0.000000,0.000000,0.000000,0.000000,0
0.090000,0.000000,0.000000,0.000000,0.000000,0.000000,0
0.091000,0.000000,0.000000,0.000000,0.000000,0.000000,0
0.092000,0.000000,0.000000,0.000000,0.000000,0.000000,0
0.093000,0.000000,0.000000,0.000000,0.000000,0.000000,0
0.094000,0.000000,0.000000,0.000000,0.000000,0.000000,0
0.095000,0.000000,0.000000,0.000000,0.000000,0.000000,0
0.096000,0.000000,0.000000,0.000000,0.000000,0.000000,0
0.097000,0.000000,0.000000,0.000000,0.000000,0.000000,0
0.098000,0.000000,0.000000,0.000000,0.000000,0.000000,0
0.099000,0.000000,0.000000,0.000000,0.000000,0.000000,0
0.100000,0.000000,0.000000,0.000000,0.000000,0.000000,1
0.101000,0.000000,0.000000,0.000000,0.000000,0.000000,1
0.102000,0.000000,0.000000,0.000000,0.000000,0.000000,1
0.103000,0.000000,0.000000,0.000000,0.000000,0.000000,1
0.104000,0.000000,0.000000,0.000000,0.000000,0.000000,1
0.105000,0.000000,0.000000,0.000000,0.000000,0.000000,1
0.106000,0.000000,0.000000,0.000000,0.000000,0.000000,1
0.107000,0.000000,0.000000,0.000000,0.000000,0.000000,1
0.108000,0.000000,0.000000,0.000000,0.000000,0.000000,1
0.109000,0.000000,0.000000,0.000000,0.000000,0.000000,1
0.110000,2.890625,0.000000,0.002891,5.781250,0.144531,1
0.111000,5.511459,0.000000,0.008402,5.299479,0.144531,1
0.112000,7.887681,0.000000,0.016290,4.862673,0.144531,1
0.113000,10.042123,0.000000,0.026332,4.466636,0.144531,1
0.114000,11.995483,0.000000,0.038327,4.107563,0.144531,1
0.115000,13.766530,0.000000,0.052094,3.782003,0.144531,1
0.116000,15.372279,0.000000,0.067466,3.486828,0.144531,1
0.117000,16.828157,0.000000,0.084294,3.219203,0.144531,1
0.118000,18.148155,0.000000,0.102442,2.976557,0.144531,1
0.119000,19.344952,0.000000,0.121787,2.756557,0.144531,1
0.120000,20.742548,0.000000,0.142530,3.182091,0.160156,1
0.121000,22.009703,0.000000,0.164540,2.949159,0.160156,1
0.122000,23.158588,0.000000,0.187698,2.737966,0.160156,1
0.123000,24.200245,0.000000,0.211899,2.546485,0.160156,1
0.124000,25.144680,0.000000,0.237043,2.372875,0.160156,1
0.125000,26.000969,0.000000,0.263044,2.215470,0.160156,1
0.126000,26.777336,0.000000,0.289822,2.072755,0.160156,1
0.127000,27.481243,0.000000,0.317303,1.943360,0.160156,1
0.128000,28.119452,0.000000,0.345422,1.826043,0.160156,1
0.129000,28.698093,0.000000,0.374120,1.719675,0.160156,1
0.130000,29.535229,0.000000,0.403656,2.248234,0.175781,1
0.131000,30.294231,0.000000,0.433950,2.108712,0.175781,1
0.132000,30.982395,0.000000,0.464932,1.982211,0.175781,1
0.133000,31.606329,0.000000,0.496539,1.867517,0.175781,1
0.134000,32.172031,0.000000,0.528711,1.763528,0.175781,1
0.135000,32.684933,0.000000,0.561395,1.669245,0.175781,1
0.136000,33.149963,0.000000,0.594545,1.583761,0.175781,1
0.137000,33.571590,0.000000,0.628117,1.506256,0.175781,1
0.138000,33.953865,0.000000,0.662071,1.435985,0.175781,1
0.139000,34.300461,0.000000,0.696371,1.372272,0.175781,1
0.140000,35.005333,0.000000,0.731377,2.095757,0.195312,1
0.141000,35.644417,0.000000,0.767021,1.978278,0.195312,1
0.142000,36.223854,0.000000,0.803245,1.871764,0.195312,1
0.143000,36.749210,0.000000,0.839994,1.775191,0.195312,1
0.144000,37.225533,0.000000,0.877220,1.687631,0.195312,1
0.145000,37.657398,0.000000,0.914877,1.608245,0.195312,1
0.146000,38.048958,0.000000,0.952926,1.536267,0.195312,1
0.147000,38.403973,0.000000,0.991330,1.471007,0.195312,1
0.148000,38.725853,0.000000,1.030056,1.411838,0.195312,1
0.149000,39.017689,0.000000,1.069073,1.358191,0.195312,1
0.150000,38.579163,16.359375,1.107653,-0.096698,0.160156,1
0.151000,38.181564,16.093750,1.145834,-0.023611,0.160156,1
0.152000,37.821075,15.828125,1.183655,0.042656,0.160156,1
0.153000,37.494232,15.578125,1.221149,0.102737,0.160156,1
0.154000,37.197895,15.328125,1.258347,0.157211,0.160156,1
0.155000,36.929218,15.078125,1.295277,0.206601,0.160156,1
0.156000,36.685616,14.828125,1.331962,0.251380,0.160156,1
0.157000,36.464748,14.593750,1.368427,0.291981,0.160156,1
0.158000,36.264496,14.359375,1.404692,0.328792,0.160156,1
0.159000,36.082935,14.125000,1.440775,0.362167,0.160156,1
0.160000,36.308945,13.890625,1.477084,1.173677,0.179688,1
0.161000,36.513859,13.671875,1.513597,1.136009,0.179688,1
0.162000,36.699650,13.453125,1.550297,1.101857,0.179688,1
0.163000,36.868099,13.234375,1.587165,1.070892,0.179688,1
0.164000,37.020828,13.015625,1.624186,1.042817,0.179688,1
0.165000,37.159302,12.796875,1.661345,1.017362,0.179688,1
0.166000,37.284851,12.593750,1.698630,0.994283,0.179688,1
0.167000,37.398682,12.390625,1.736029,0.973358,0.179688,1
0.168000,37.501888,12.187500,1.773531,0.954386,0.179688,1
0.169000,37.595463,11.984375,1.811126,0.937185,0.179688,1
0.170000,38.070927,11.796875,1.849197,1.702839,0.199219,1
0.171000,38.502014,11.609375,1.887699,1.623595,0.199219,1
0.172000,38.892868,11.421875,1.926592,1.551748,0.199219,1
0.173000,39.247242,11.234375,1.965839,1.486605,0.199219,1
0.174000,39.568542,11.046875,2.005408,1.427543,0.199219,1
0.175000,39.859852,10.859375,2.045268,1.373993,0.199219,1
0.176000,40.123974,10.687500,2.085392,1.325441,0.199219,1
0.177000,40.363445,10.515625,2.125755,1.281421,0.199219,1
0.178000,40.580566,26.703125,2.166336,1.241509,0.199219,1
0.179000,40.777420,26.281250,2.207113,1.205322,0.199219,1
0.180000,40.330902,25.859375,2.247444,-0.077487,0.167969,1
0.181000,39.926060,25.453125,2.287370,-0.003067,0.167969,1
0.182000,39.559002,25.046875,2.326929,0.064407,0.167969,1
0.183000,39.226204,24.640625,2.366155,0.125583,0.167969,1
0.184000,38.924465,24.250000,2.405080,0.181049,0.167969,1
0.185000,38.650890,23.859375,2.443731,0.231339,0.167969,1
0.186000,38.402847,23.484375,2.482133,0.276935,0.167969,1
0.187000,38.177956,23.109375,2.520311,0.318275,0.167969,1
0.188000,37.974056,22.734375,2.558285,0.355757,0.167969,1
0.189000,37.789185,22.375000,2.596075,0.389740,0.167969,1
0.190000,38.012196,22.015625,2.634087,1.201802,0.187500,1
0.191000,38.214390,21.656250,2.672301,1.164634,0.187500,1
0.192000,38.397713,21.312500,2.710699,1.130935,0.187500,1
0.193000,38.563927,20.968750,2.749263,1.100381,0.187500,1
0.194000,38.714626,20.640625,2.787978,1.072679,0.187500,1
0.195000,38.851261,20.312500,2.826829,1.047562,0.187500,1
0.196000,38.975143,19.984375,2.865804,1.024790,0.187500,1
0.197000,39.087463,19.671875,2.904892,1.004143,0.187500,1
0.198000,39.189301,19.359375,2.944081,0.985422,0.187500,1
0.199000,39.281631,19.046875,2.983363,0.968450,0.187500,1
0.200000,39.755970,18.734375,3.023119,1.734311,0.207031,1
0.201000,40.186039,18.437500,3.063305,1.655255,0.207031,1
0.202000,40.575966,18.140625,3.103881,1.583577,0.207031,1
0.203000,40.929501,17.843750,3.144810,1.518589,0.207031,1
0.204000,41.250038,33.921875,3.186060,1.459666,0.207031,1
0.205000,41.540661,33.390625,3.227601,1.406244,0.207031,1
0.206000,41.804157,32.859375,3.269405,1.357806,0.207031,1
0.207000,42.043060,32.343750,3.311448,1.313891,0.207031,1
0.208000,42.259666,31.828125,3.353708,1.274073,0.207031,1
0.209000,42.456055,31.328125,3.396164,1.237972,0.207031,1
0.210000,42.087238,30.828125,3.438251,0.111491,0.179688,1
0.211000,41.752846,30.343750,3.480004,0.172960,0.179688,1
0.212000,41.449665,29.859375,3.521453,0.228692,0.179688,1
0.213000,41.174778,29.390625,3.562628,0.279222,0.179688,1
0.214000,40.925549,28.921875,3.603554,0.325037,0.179688,1
0.215000,40.699581,28.468750,3.644253,0.366575,0.179688,1
0.216000,40.494705,28.015625,3.684748,0.404236,0.179688,1
0.217000,40.308949,27.562500,3.725057,0.438383,0.179688,1
0.218000,40.140530,27.125000,3.765198,0.469342,0.179688,1
0.219000,39.987831,26.687500,3.805185,0.497412,0.179688,1
0.220000,40.240009,26.265625,3.845425,1.304111,0.199219,1
0.221000,40.468651,25.843750,3.885894,1.262081,0.199219,1
0.222000,40.675953,25.437500,3.926570,1.223975,0.199219,1
0.223000,40.863907,25.031250,3.967434,1.189424,0.199219,1
0.224000,41.034317,24.625000,4.008468,1.158098,0.199219,1
0.225000,41.188824,24.234375,4.049657,1.129697,0.199219,1
0.226000,41.328907,23.843750,4.090986,1.103945,0.199219,1
0.227000,41.455917,23.468750,4.132442,1.080599,0.199219,1
0.228000,41.571072,23.093750,4.174013,1.059430,0.199219,1
0.229000,41.675480,22.718750,4.215688,1.040238,0.199219,1
0.230000,41.223267,38.718750,4.256911,-0.070914,0.171875,1
0.231000,40.813263,38.109375,4.297725,0.004455,0.171875,1
0.232000,40.441525,37.500000,4.338166,0.072789,0.171875,1
0.233000,40.104481,36.906250,4.378271,0.134745,0.171875,1
0.234000,39.798897,36.328125,4.418069,0.190920,0.171875,1
0.235000,39.521832,35.750000,4.457591,0.241851,0.171875,1
0.236000,39.270626,35.187500,4.496861,0.288028,0.171875,1
0.237000,39.042866,34.625000,4.535904,0.329895,0.171875,1
0.238000,38.836365,34.078125,4.574741,0.367856,0.171875,1
0.239000,38.649136,33.531250,4.613390,0.402273,0.171875,1
0.240000,38.870007,33.000000,4.652260,1.214727,0.191406,1
0.241000,39.070263,32.484375,4.691330,1.177915,0.191406,1
0.242000,39.251831,31.968750,4.730582,1.144539,0.191406,1
0.243000,39.416451,31.468750,4.769998,1.114278,0.191406,1
0.244000,39.565708,30.968750,4.809564,1.086841,0.191406,1
0.245000,39.701035,30.484375,4.849265,1.061965,0.191406,1
0.246000,39.823730,30.000000,4.889088,1.039411,0.191406,1
0.247000,39.934975,29.531250,4.929023,1.018962,0.191406,1
0.248000,40.035835,29.062500,4.969059,1.000421,0.191406,1
0.249000,40.127281,28.593750,5.009186,0.983611,0.191406,1
0.250000,40.600819,28.140625,5.049787,1.749620,0.210938,1
0.251000,41.030159,27.687500,5.090817,1.670697,0.210938,1
0.252000,41.419426,27.250000,5.132236,1.599140,0.210938,1
0.253000,41.772362,26.812500,5.174009,1.534262,0.210938,1
0.254000,42.092358,26.390625,5.216101,1.475440,0.210938,1
0.255000,42.382488,25.968750,5.258484,1.422107,0.210938,1
0.256000,42.645538,41.921875,5.301129,1.373752,0.210938,1
0.257000,42.884037,41.265625,5.344013,1.329910,0.210938,1
0.258000,43.100277,40.609375,5.387114,1.290160,0.210938,1
0.259000,43.296333,39.968750,5.430410,1.254121,0.210938,1
0.260000,43.005341,39.343750,5.473415,0.283945,0.187500,1
0.261000,42.741508,38.718750,5.516157,0.332443,0.187500,1
0.262000,42.502300,38.109375,5.558659,0.376415,0.187500,1
0.263000,42.285419,37.500000,5.600945,0.416283,0.187500,1
0.264000,42.088779,36.906250,5.643034,0.452430,0.187500,1
0.265000,41.910492,36.328125,5.684944,0.485203,0.187500,1
0.266000,41.748844,35.750000,5.726693,0.514918,0.187500,1
0.267000,41.602287,35.187500,5.768295,0.541859,0.187500,1
0.268000,41.469406,34.625000,5.809765,0.566285,0.187500,1
0.269000,41.348927,34.078125,5.851114,0.588432,0.187500,1
0.270000,41.630318,33.531250,5.892744,1.389762,0.207031,1
0.271000,41.885445,33.000000,5.934629,1.342863,0.207031,1
0.272000,42.116760,32.484375,5.976746,1.300342,0.207031,1
0.273000,42.326488,31.968750,6.019073,1.261790,0.207031,1
0.274000,42.516640,31.468750,6.061589,1.226835,0.207031,1
0.275000,42.689045,30.968750,6.104278,1.195143,0.207031,1
0.276000,42.845360,30.484375,6.147123,1.166409,0.207031,1
0.277000,42.987083,30.000000,6.190110,1.140357,0.207031,1
0.278000,43.115582,29.531250,6.233226,1.116736,0.207031,1
0.279000,43.232086,29.062500,6.276458,1.095320,0.207031,1
0.280000,43.728340,28.593750,0.037001,1.857152,0.226562,1
0.281000,44.178280,44.500000,0.081179,1.774443,0.226562,1
0.282000,44.586224,43.796875,0.125765,1.699453,0.226562,1
0.283000,44.956093,43.109375,0.170721,1.631462,0.226562,1
0.284000,45.291439,42.421875,0.216013,1.569818,0.226562,1
0.285000,45.595490,41.750000,0.261608,1.513927,0.226562,1
0.286000,45.871162,41.093750,0.307479,1.463252,0.226562,1
0.287000,46.121105,40.437500,0.353600,1.417306,0.226562,1
0.288000,46.347717,39.796875,0.399948,1.375649,0.226562,1
0.289000,46.553181,39.171875,0.446501,1.337880,0.226562,1
0.290000,46.270718,38.546875,0.492772,0.366136,0.203125,1
0.291000,46.014618,37.937500,0.538787,0.413214,0.203125,1
0.292000,45.782421,37.343750,0.584569,0.455897,0.203125,1
0.293000,45.571896,36.750000,0.630141,0.494596,0.203125,1
0.294000,45.381020,36.171875,0.675522,0.529684,0.203125,1
0.295000,45.207958,35.593750,0.720730,0.561496,0.203125,1
0.296000,45.051048,35.031250,0.765781,0.590340,0.203125,1
0.297000,44.908783,34.468750,0.810690,0.616492,0.203125,1
0.298000,44.779797,33.921875,0.855470,0.640202,0.203125,1
0.299000,44.662849,33.390625,0.900132,0.661701,0.203125,1
0.300000,44.947441,32.859375,0.945080,1.462441,0.222656,1
0.301000,45.205471,32.343750,0.990285,1.415009,0.222656,1
0.302000,45.439419,31.828125,1.035725,1.372004,0.222656,1
0.303000,45.651531,31.328125,1.081376,1.333013,0.222656,1
0.304000,45.843845,47.187500,1.127220,1.297661,0.222656,1
0.305000,46.018211,46.437500,1.173239,1.265609,0.222656,1
0.306000,46.176304,45.703125,1.219415,1.236548,0.222656,1
0.307000,46.319641,44.984375,1.265734,1.210199,0.222656,1
0.308000,46.449600,44.281250,1.312184,1.186310,0.222656,1
0.309000,46.567429,43.578125,1.358752,1.164650,0.222656,1
0.310000,46.205509,42.890625,1.404957,0.207512,0.199219,1
0.311000,45.877369,42.218750,1.450834,0.267831,0.199219,1
0.312000,45.579857,41.546875,1.496414,0.322522,0.199219,1
0.313000,45.310112,40.890625,1.541724,0.372107,0.199219,1
0.314000,45.065544,40.250000,1.586790,0.417065,0.199219,1
0.315000,44.843800,39.609375,1.631634,0.457826,0.199219,1
0.316000,44.642754,38.984375,1.676277,0.494783,0.199219,1
0.317000,44.460472,38.375000,1.720737,0.528291,0.199219,1
0.318000,44.295204,37.765625,1.765032,0.558671,0.199219,1
0.319000,44.145359,37.171875,1.809178,0.586216,0.199219,1
0.320000,44.478249,36.578125,1.853656,1.548690,0.222656,1
0.321000,44.780071,36.000000,1.898436,1.493208,0.222656,1
0.322000,45.053722,35.437500,1.943490,1.442904,0.222656,1
0.323000,45.301834,34.875000,1.988791,1.397296,0.222656,1
0.324000,45.526787,34.328125,2.034318,1.355944,0.222656,1
0.325000,45.730743,33.781250,2.080049,1.318452,0.222656,1
0.326000,45.915665,33.250000,2.125965,1.284459,0.222656,1
0.327000,46.083328,49.078125,2.172048,1.253639,0.222656,1
0.328000,46.235344,48.296875,2.218283,1.225695,0.222656,1
0.329000,46.373169,47.531250,2.264657,1.200359,0.222656,1
0.330000,45.951256,46.781250,2.310608,0.083638,0.195312,1
0.331000,45.568722,46.046875,2.356177,0.153957,0.195312,1
0.332000,45.221889,45.312500,2.401398,0.217713,0.195312,1
0.333000,44.907429,44.593750,2.446306,0.275518,0.195312,1
0.334000,44.622318,43.890625,2.490928,0.327928,0.195312,1
0.335000,44.363819,43.203125,2.535292,0.375446,0.195312,1
0.336000,44.129444,42.515625,2.579421,0.418530,0.195312,1
0.337000,43.916946,41.843750,2.623338,0.457593,0.195312,1
0.338000,43.724281,41.187500,2.667063,0.493009,0.195312,1
0.339000,43.549599,40.531250,2.710612,0.525119,0.195312,1
0.340000,43.781845,39.890625,2.754394,1.335483,0.214844,1
0.341000,43.992413,39.265625,2.798386,1.296775,0.214844,1
0.342000,44.183331,38.640625,2.842570,1.261681,0.214844,1
0.343000,44.356426,38.031250,2.886926,1.229861,0.214844,1
0.344000,44.513367,37.421875,2.931439,1.201012,0.214844,1
0.345000,44.655663,36.828125,2.976095,1.174855,0.214844,1
0.346000,44.784676,36.250000,3.020880,1.151140,0.214844,1
0.347000,44.901649,35.671875,3.065781,1.129637,0.214844,1
0.348000,45.007702,35.109375,3.110789,1.110141,0.214844,1
0.349000,45.103859,34.546875,3.155893,1.092466,0.214844,1
0.350000,44.644165,50.359375,3.200537,-0.017310,0.187500,1
0.351000,44.227375,49.562500,3.244764,0.059306,0.187500,1
0.352000,43.849487,48.781250,3.288614,0.128771,0.187500,1
0.353000,43.506870,48.015625,3.332121,0.191752,0.187500,1
0.354000,43.196228,47.250000,3.375317,0.248855,0.187500,1
0.355000,42.914581,46.500000,3.418231,0.300628,0.187500,1
0.356000,42.659222,45.765625,3.460891,0.347570,0.187500,1
0.357000,42.427696,45.046875,3.503319,0.390130,0.187500,1
0.358000,42.217777,44.328125,3.545536,0.428717,0.187500,1
0.359000,42.027451,43.625000,3.587564,0.463703,0.187500,1
0.360000,42.323639,42.937500,3.629887,1.432925,0.210938,1
0.361000,42.592182,42.265625,3.672480,1.383560,0.210938,1
0.362000,42.835663,41.593750,3.715315,1.338803,0.210938,1
0.363000,43.056419,40.937500,3.758372,1.298223,0.210938,1
0.364000,43.256569,40.296875,3.801628,1.261430,0.210938,1
0.365000,43.438038,39.656250,3.845066,1.228072,0.210938,1
0.366000,43.602570,39.031250,3.888669,1.197827,0.210938,1
0.367000,43.751747,38.406250,3.932420,1.170405,0.210938,1
0.368000,43.887001,37.796875,3.976307,1.145542,0.210938,1
0.369000,44.009632,37.203125,4.020317,1.123000,0.210938,1
0.370000,44.511440,36.609375,4.064828,1.883811,0.230469,1
0.371000,44.966415,36.031250,4.109795,1.800176,0.230469,1
0.372000,45.378925,35.453125,4.155174,1.724347,0.230469,1
0.373000,45.752934,34.890625,4.200927,1.655595,0.230469,1
0.374000,46.092033,50.703125,4.247019,1.593261,0.230469,1
0.375000,46.399487,49.906250,4.293418,1.536744,0.230469,1
0.376000,46.678242,49.125000,4.340096,1.485502,0.230469,1
0.377000,46.930981,48.343750,4.387027,1.439043,0.230469,1
0.378000,47.160130,47.578125,4.434187,1.396920,0.230469,1
0.379000,47.367893,46.828125,4.481555,1.358728,0.230469,1
0.380000,47.087517,46.093750,4.528643,0.386601,0.207031,1
0.381000,46.833305,45.359375,4.575477,0.433331,0.207031,1
0.382000,46.602821,44.640625,4.622079,0.475699,0.207031,1
0.383000,46.393848,43.937500,4.668473,0.514113,0.207031,1
0.384000,46.204380,43.250000,4.714678,0.548942,0.207031,1
0.385000,46.032597,42.562500,4.760710,0.580520,0.207031,1
0.386000,45.876846,41.890625,4.806587,0.609151,0.207031,1
0.387000,45.735634,41.234375,4.852323,0.635109,0.207031,1
0.388000,45.607601,40.578125,4.897931,0.658644,0.207031,1
0.389000,45.491516,39.937500,4.943422,0.679983,0.207031,1
0.390000,45.855015,39.312500,4.989277,1.636830,0.230469,1
0.391000,46.184589,38.687500,5.035462,1.576247,0.230469,1
0.392000,46.483402,38.078125,5.081945,1.521318,0.230469,1
0.393000,46.754326,37.468750,5.128700,1.471516,0.230469,1
0.394000,46.999962,36.875000,5.175700,1.426362,0.230469,1
0.395000,47.222675,36.296875,5.222922,1.385422,0.230469,1
0.396000,47.424599,35.718750,5.270347,1.348304,0.230469,1
0.397000,47.607677,51.515625,5.317955,1.314650,0.230469,1
0.398000,47.773670,50.703125,5.365729,1.284137,0.230469,1
0.399000,47.924168,49.906250,5.413653,1.256471,0.230469,1
0.400000,47.513744,49.125000,5.461167,0.137638,0.203125,1
0.401000,47.141628,48.343750,5.508308,0.206042,0.203125,1
0.402000,46.804241,47.578125,5.555113,0.268062,0.203125,1
0.403000,46.498344,46.828125,5.601611,0.324293,0.203125,1
0.404000,46.220997,46.093750,5.647832,0.375276,0.203125,1
0.405000,45.969536,45.359375,5.693801,0.421500,0.203125,1
0.406000,45.741547,44.640625,5.739543,0.463410,0.203125,1
0.407000,45.534836,43.937500,5.785078,0.501409,0.203125,1
0.408000,45.347420,43.250000,5.830425,0.535861,0.203125,1
0.409000,45.177494,42.562500,5.875602,0.567097,0.203125,1
0.410000,45.492180,41.890625,5.921094,1.532918,0.226562,1
0.411000,45.777493,41.234375,5.966872,1.480470,0.226562,1
0.412000,46.036175,40.578125,6.012908,1.432918,0.226562,1
0.413000,46.270714,39.937500,6.059179,1.389804,0.226562,1
0.414000,46.483364,39.312500,6.105662,1.350714,0.226562,1
0.415000,46.676167,38.687500,6.152339,1.315273,0.226562,1
0.416000,46.850975,38.078125,6.199190,1.283139,0.226562,1
0.417000,47.009468,37.468750,6.246199,1.254004,0.226562,1
0.418000,47.153168,36.875000,0.010167,1.227589,0.226562,1
0.419000,47.283455,52.656250,0.057450,1.203639,0.226562,1
0.420000,46.854706,51.828125,0.104305,0.088174,0.199219,1
0.421000,46.465977,51.015625,0.150771,0.159632,0.199219,1
0.422000,46.113525,50.203125,0.196884,0.224420,0.199219,1
0.423000,45.793972,49.406250,0.242678,0.283163,0.199219,1
0.424000,45.504242,48.625000,0.288183,0.336421,0.199219,1
0.425000,45.241554,47.859375,0.333424,0.384710,0.199219,1
0.426000,45.003384,47.109375,0.378427,0.428491,0.199219,1
0.427000,44.787441,46.359375,0.423215,0.468186,0.199219,1
0.428000,44.591656,45.625000,0.467807,0.504177,0.199219,1
0.429000,44.414143,44.906250,0.512221,0.536807,0.199219,1
0.430000,44.643822,44.203125,0.556865,1.347643,0.218750,1
0.431000,44.852066,43.500000,0.601717,1.309363,0.218750,1
0.432000,45.040874,42.812500,0.646757,1.274656,0.218750,1
0.433000,45.212059,42.140625,0.691970,1.243188,0.218750,1
0.434000,45.367268,41.468750,0.737337,1.214657,0.218750,1
0.435000,45.507988,40.812500,0.782845,1.188788,0.218750,1
0.436000,45.635574,40.171875,0.828480,1.165335,0.218750,1
0.437000,45.751255,39.531250,0.874232,1.144071,0.218750,1
0.438000,45.856136,38.906250,0.920088,1.124790,0.218750,1
0.439000,45.951229,38.296875,0.966039,1.107310,0.218750,1
0.440000,46.506199,37.687500,1.012545,2.028962,0.242188,1
0.441000,47.009369,37.093750,1.059554,1.936467,0.242188,1
0.442000,47.465576,52.859375,1.107020,1.852605,0.242188,1
0.443000,47.879204,52.031250,1.154899,1.776570,0.242188,1
0.444000,48.254227,51.203125,1.203153,1.707632,0.242188,1
0.445000,48.594250,50.390625,1.251748,1.645129,0.242188,1
0.446000,48.902534,49.593750,1.300650,1.588458,0.242188,1
0.447000,49.182049,48.812500,1.349832,1.537077,0.242188,1
0.448000,49.435474,48.046875,1.399268,1.490492,0.242188,1
0.449000,49.665245,47.281250,1.448933,1.448254,0.242188,1
0.450000,49.404823,46.531250,1.498338,0.472459,0.218750,1
0.451000,49.168705,45.796875,1.547507,0.515862,0.218750,1
0.452000,48.954624,45.078125,1.596461,0.555216,0.218750,1
0.453000,48.760525,44.359375,1.645222,0.590896,0.218750,1
0.454000,48.584541,43.656250,1.693806,0.623246,0.218750,1
0.455000,48.424984,42.968750,1.742231,0.652576,0.218750,1
0.456000,48.280319,42.296875,1.790512,0.679169,0.218750,1
0.457000,48.149155,41.625000,1.838661,0.703280,0.218750,1
0.458000,48.030231,40.968750,1.886691,0.725141,0.218750,1
0.459000,47.922409,40.328125,1.934613,0.744961,0.218750,1
0.460000,48.215275,39.687500,1.982829,1.544181,0.238281,1
0.461000,48.480808,39.062500,2.031309,1.495371,0.238281,1
0.462000,48.721558,38.437500,2.080031,1.451115,0.238281,1
0.463000,48.939838,37.828125,2.128971,1.410990,0.238281,1
0.464000,49.137745,53.593750,2.178109,1.374610,0.238281,1
0.465000,49.317181,52.750000,2.227426,1.341626,0.238281,1
0.466000,49.479870,51.921875,2.276906,1.311719,0.238281,1
0.467000,49.627373,51.109375,2.326533,1.284605,0.238281,1
0.468000,49.761108,50.296875,2.376294,1.260021,0.238281,1
0.469000,49.882362,49.500000,2.426177,1.237732,0.238281,1
0.470000,49.601673,48.718750,2.475778,0.436273,0.218750,1
0.471000,49.347183,47.953125,2.525125,0.483054,0.218750,1
0.472000,49.116447,47.203125,2.574242,0.525469,0.218750,1
0.473000,48.907246,46.453125,2.623149,0.563925,0.218750,1
0.474000,48.717567,45.718750,2.671866,0.598792,0.218750,1
0.475000,48.545593,45.000000,2.720412,0.630405,0.218750,1
0.476000,48.389671,44.296875,2.768802,0.659068,0.218750,1
0.477000,48.248302,43.593750,2.817050,0.685054,0.218750,1
0.478000,48.120129,42.906250,2.865170,0.708616,0.218750,1
0.479000,48.003918,42.234375,2.913174,0.729978,0.218750,1
0.480000,48.289177,41.562500,2.961463,1.530597,0.238281,1
0.481000,48.547813,40.906250,3.010011,1.483053,0.238281,1
0.482000,48.782310,40.265625,3.058793,1.439947,0.238281,1
0.483000,48.994919,39.625000,3.107788,1.400865,0.238281,1
0.484000,49.187683,39.000000,3.156976,1.365430,0.238281,1
0.485000,49.362457,54.750000,3.206338,1.333303,0.238281,1
0.486000,49.520920,53.890625,3.255859,1.304173,0.238281,1
0.487000,49.664593,53.046875,3.305524,1.277763,0.238281,1
0.488000,49.794857,52.203125,3.355319,1.253818,0.238281,1
0.489000,49.912960,51.375000,3.405231,1.232107,0.238281,1
0.490000,49.551292,50.562500,3.454783,0.274923,0.214844,1
0.491000,49.223381,49.765625,3.504006,0.335201,0.214844,1
0.492000,48.926075,48.984375,3.552932,0.389853,0.214844,1
0.493000,48.656517,48.218750,3.601589,0.439404,0.214844,1
0.494000,48.412117,47.453125,3.650001,0.484331,0.214844,1
0.495000,48.190529,46.703125,3.698191,0.525064,0.214844,1
0.496000,47.989620,45.968750,3.746181,0.561995,0.214844,1
0.497000,47.807465,45.250000,3.793988,0.595480,0.214844,1
0.498000,47.642311,44.531250,3.841631,0.625839,0.214844,1
0.499000,47.492569,43.828125,3.889123,0.653365,0.214844,1
0.500000,47.747429,43.140625,3.936871,1.459571,0.234375,1
0.501000,47.978500,42.453125,3.984849,1.417095,0.234375,1
0.502000,48.188007,41.781250,4.033037,1.378583,0.234375,1
0.503000,48.377960,41.125000,4.081415,1.343665,0.234375,1
0.504000,48.550182,40.468750,4.129965,1.312006,0.234375,1
0.505000,48.706333,39.828125,4.178672,1.283303,0.234375,1
0.506000,48.847908,39.203125,4.227520,1.257277,0.234375,1
0.507000,48.976269,54.937500,4.276496,1.233682,0.234375,1
0.508000,49.092651,54.078125,4.325589,1.212288,0.234375,1
0.509000,49.198170,53.218750,4.374787,1.192892,0.234375,1
0.510000,48.825092,52.375000,4.423612,0.237805,0.210938,1
0.511000,48.486835,51.546875,4.472099,0.299985,0.210938,1
0.512000,48.180149,50.734375,4.520279,0.356360,0.210938,1
0.513000,47.902084,49.937500,4.568181,0.407475,0.210938,1
0.514000,47.649975,49.156250,4.615831,0.453819,0.210938,1
0.515000,47.421394,48.375000,4.663252,0.495838,0.210938,1
0.516000,47.214149,47.609375,4.710466,0.533934,0.210938,1
0.517000,47.026245,46.859375,4.757493,0.568475,0.210938,1
0.518000,46.855877,46.125000,4.804348,0.599792,0.210938,1
0.519000,46.701412,45.390625,4.851050,0.628187,0.210938,1
0.520000,47.030113,44.671875,4.898080,1.591431,0.234375,1
0.521000,47.328136,43.968750,4.945408,1.536647,0.234375,1
0.522000,47.598343,43.281250,4.993006,1.486977,0.234375,1
0.523000,47.843330,42.593750,5.040850,1.441943,0.234375,1
0.524000,48.065453,41.921875,5.088915,1.401111,0.234375,1
0.525000,48.266842,41.265625,5.137182,1.364091,0.234375,1
0.526000,48.449436,40.609375,5.185632,1.330526,0.234375,1
0.527000,48.614990,39.968750,5.234247,1.300094,0.234375,1
0.528000,48.765091,39.343750,5.283012,1.272501,0.234375,1
0.529000,48.901184,55.078125,5.331913,1.247485,0.234375,1
0.530000,48.477699,54.203125,5.380391,0.131052,0.207031,1
0.531000,48.093739,53.343750,5.428484,0.201633,0.207031,1
0.532000,47.745613,52.500000,5.476230,0.265627,0.207031,1
0.533000,47.429981,51.671875,5.523660,0.323648,0.207031,1
0.534000,47.143806,50.859375,5.570804,0.376253,0.207031,1
0.535000,46.884342,50.062500,5.617689,0.423949,0.207031,1
0.536000,46.649094,49.265625,5.664338,0.467193,0.207031,1
0.537000,46.435802,48.484375,5.710773,0.506401,0.207031,1
0.538000,46.242420,47.718750,5.757016,0.541949,0.207031,1
0.539000,46.067085,46.968750,5.803083,0.574179,0.207031,1
0.540000,46.298740,46.234375,5.849381,1.384652,0.226562,1
0.541000,46.508774,45.500000,5.895890,1.346043,0.226562,1
0.542000,46.699203,44.781250,5.942589,1.311038,0.226562,1
0.543000,46.871861,44.078125,5.989461,1.279299,0.226562,1
0.544000,47.028404,43.375000,6.036489,1.250523,0.226562,1
0.545000,47.170338,42.687500,6.083660,1.224433,0.226562,1
0.546000,47.299023,42.015625,6.130959,1.200777,0.226562,1
0.547000,47.415699,41.343750,6.178374,1.179330,0.226562,1
0.548000,47.521484,40.687500,6.225896,1.159883,0.226562,1
0.549000,47.617397,40.046875,6.273513,1.142252,0.226562,1
0.550000,48.173107,39.406250,0.038501,2.063767,0.250000,1
0.551000,48.676949,55.140625,0.087178,1.971149,0.250000,1
0.552000,49.133766,54.265625,0.136312,1.887175,0.250000,1
0.553000,49.547947,53.406250,0.185859,1.811039,0.250000,1
0.554000,49.923473,52.562500,0.235783,1.742008,0.250000,1
0.555000,50.263950,51.734375,0.286047,1.679421,0.250000,1
0.556000,50.572647,50.921875,0.336619,1.622674,0.250000,1
0.557000,50.852531,50.125000,0.387472,1.571225,0.250000,1
0.558000,51.106297,49.328125,0.438578,1.524578,0.250000,1
0.559000,51.336376,48.546875,0.489915,1.482284,0.250000,1
0.560000,51.076229,47.781250,0.540991,0.506437,0.226562,1
0.561000,50.840363,47.031250,0.591831,0.549795,0.226562,1
0.562000,50.626511,46.281250,0.642458,0.589106,0.226562,1
0.563000,50.432621,45.546875,0.692890,0.624748,0.226562,1
0.564000,50.256828,44.828125,0.743147,0.657063,0.226562,1
0.565000,50.097443,44.125000,0.793245,0.686362,0.226562,1
0.566000,49.952930,43.421875,0.843198,0.712926,0.226562,1
0.567000,49.821907,42.734375,0.893020,0.737011,0.226562,1
0.568000,49.703114,42.062500,0.942723,0.758849,0.226562,1
0.569000,49.595406,41.390625,0.992318,0.778647,0.226562,1
0.570000,49.966499,40.734375,1.042285,1.734099,0.250000,1
0.571000,50.302959,40.093750,1.092588,1.672250,0.250000,1
0.572000,50.608017,55.812500,1.143196,1.616174,0.250000,1
0.573000,50.884602,54.937500,1.194080,1.565330,0.250000,1
0.574000,51.135372,54.078125,1.245216,1.519233,0.250000,1
0.575000,51.362736,53.218750,1.296578,1.477438,0.250000,1
0.576000,51.568882,52.375000,1.348147,1.439543,0.250000,1
0.577000,51.755787,51.546875,1.399903,1.405186,0.250000,1
0.578000,51.925247,50.734375,1.451828,1.374036,0.250000,1
0.579000,52.078892,49.937500,1.503907,1.345792,0.250000,1
0.580000,51.749447,49.156250,1.555657,0.382685,0.226562,1
0.581000,51.450748,48.375000,1.607107,0.437592,0.226562,1
0.582000,51.179928,47.609375,1.658287,0.487375,0.226562,1
0.583000,50.934383,46.859375,1.709222,0.532512,0.226562,1
0.584000,50.711758,46.125000,1.759933,0.573436,0.226562,1
0.585000,50.509911,45.390625,1.810443,0.610540,0.226562,1
0.586000,50.326900,44.671875,1.860770,0.644182,0.226562,1
0.587000,50.160973,43.968750,1.910931,0.674683,0.226562,1
0.588000,50.010532,43.281250,1.960942,0.702337,0.226562,1
0.589000,49.874134,42.593750,2.010816,0.727411,0.226562,1
0.590000,50.219215,41.921875,2.061035,1.687644,0.250000,1
0.591000,50.532089,41.265625,2.111567,1.630131,0.250000,1
0.592000,50.815762,56.968750,2.162383,1.577985,0.250000,1
0.593000,51.072956,56.078125,2.213456,1.530706,0.250000,1
0.594000,51.306149,55.187500,2.264763,1.487841,0.250000,1
0.595000,51.517574,54.312500,2.316280,1.448975,0.250000,1
0.596000,51.709267,53.453125,2.367989,1.413737,0.250000,1
0.597000,51.883068,52.609375,2.419872,1.381789,0.250000,1
0.598000,52.040649,51.781250,2.471913,1.352822,0.250000,1
0.599000,52.183521,50.968750,2.524096,1.326559,0.250000,1
0.600000,51.844311,50.171875,2.575941,0.365246,0.226562,1
0.601000,51.536758,49.375000,2.627478,0.421782,0.226562,1
0.602000,51.257912,48.593750,2.678735,0.473040,0.226562,1
0.603000,51.005089,47.828125,2.729741,0.519515,0.226562,1
0.604000,50.775864,47.078125,2.780516,0.561651,0.226562,1
0.605000,50.568031,46.328125,2.831084,0.599856,0.226562,1
0.606000,50.379597,45.593750,2.881464,0.634495,0.226562,1
0.607000,50.208752,44.875000,2.931673,0.665901,0.226562,1
0.608000,50.053852,44.171875,2.981727,0.694374,0.226562,1
0.609000,49.913410,43.468750,3.031640,0.720191,0.226562,1
0.610000,50.254826,42.781250,3.081895,1.681098,0.250000,1
0.611000,50.564377,42.109375,3.132459,1.624195,0.250000,1
0.612000,50.845036,41.437500,3.183304,1.572603,0.250000,1
0.613000,51.099499,57.140625,3.234404,1.525827,0.250000,1
0.614000,51.330212,56.234375,3.285734,1.483417,0.250000,1
0.615000,51.539391,55.343750,3.337274,1.444964,0.250000,1
0.616000,51.729046,54.468750,3.389003,1.410101,0.250000,1
0.617000,51.901001,53.609375,3.440904,1.378492,0.250000,1
0.618000,52.056908,52.765625,3.492960,1.349833,0.250000,1
0.619000,52.198261,51.937500,3.545159,1.323848,0.250000,1
0.620000,51.857674,51.125000,3.597016,0.362790,0.226562,1
0.621000,51.548874,50.312500,3.648565,0.419554,0.226562,1
0.622000,51.268894,49.515625,3.699834,0.471021,0.226562,1
0.623000,51.015049,48.734375,3.750849,0.517684,0.226562,1
0.624000,50.784893,47.968750,3.801634,0.559992,0.226562,1
0.625000,50.576221,47.218750,3.852210,0.598351,0.226562,1
0.626000,50.387024,46.468750,3.902597,0.633129,0.226562,1
0.627000,50.215485,45.734375,3.952813,0.664662,0.226562,1
0.628000,50.059956,45.015625,4.002873,0.693252,0.226562,1
0.629000,49.918941,44.296875,4.052792,0.719174,0.226562,1
0.630000,50.259842,43.593750,4.103052,1.680176,0.250000,1
0.631000,50.568924,42.906250,4.153621,1.623359,0.250000,1
0.632000,50.849159,42.234375,4.204470,1.571846,0.250000,1
0.633000,51.103237,57.921875,4.255573,1.525140,0.250000,1
0.634000,51.333603,57.015625,4.306907,1.482793,0.250000,1
0.635000,51.542465,56.109375,4.358449,1.444399,0.250000,1
0.636000,51.731834,55.218750,4.410181,1.409589,0.250000,1
0.637000,51.903530,54.343750,4.462085,1.378028,0.250000,1
0.638000,52.059200,53.484375,4.514144,1.349412,0.250000,1
0.639000,52.200340,52.640625,4.566344,1.323466,0.250000,1
0.640000,51.859558,51.812500,4.618204,0.362443,0.226562,1
0.641000,51.550583,51.000000,4.669754,0.419240,0.226562,1
0.642000,51.270447,50.203125,4.721025,0.470736,0.226562,1
0.643000,51.016457,49.406250,4.772041,0.517426,0.226562,1
0.644000,50.786171,48.625000,4.822827,0.559757,0.226562,1
0.645000,50.577377,47.859375,4.873404,0.598138,0.226562,1
0.646000,50.388073,47.109375,4.923792,0.632937,0.226562,1
0.647000,50.216434,46.359375,4.974009,0.664488,0.226562,1
0.648000,50.060818,45.625000,5.024069,0.693094,0.226562,1
0.649000,49.919724,44.906250,5.073989,0.719030,0.226562,1
0.650000,50.182423,44.203125,5.124171,1.523796,0.246094,1
0.651000,50.420605,43.500000,5.174592,1.480013,0.246094,1
0.652000,50.636559,42.812500,5.225229,1.440316,0.246094,1
0.653000,50.832355,42.140625,5.276061,1.404324,0.246094,1
0.654000,51.009876,57.828125,5.327071,1.371690,0.246094,1
0.655000,51.170830,56.921875,5.378242,1.342103,0.246094,1
0.656000,51.316761,56.031250,5.429558,1.315278,0.246094,1
0.657000,51.449070,55.140625,5.481008,1.290956,0.246094,1
0.658000,51.569031,54.265625,5.532577,1.268905,0.246094,1
0.659000,51.677795,53.406250,5.584254,1.248911,0.246094,1
0.660000,51.385784,52.562500,5.635640,0.449534,0.226562,1
0.661000,51.121029,51.734375,5.686761,0.498203,0.226562,1
0.662000,50.880981,50.921875,5.737642,0.542328,0.226562,1
0.663000,50.663342,50.125000,5.788306,0.582337,0.226562,1
0.664000,50.466011,49.328125,5.838772,0.618610,0.226562,1
0.665000,50.287098,48.546875,5.889059,0.651498,0.226562,1
0.666000,50.124886,47.781250,5.939184,0.681317,0.226562,1
0.667000,49.977814,47.031250,5.989162,0.708352,0.226562,1
0.668000,49.844467,46.281250,6.039006,0.732864,0.226562,1
0.669000,49.723568,45.546875,6.088730,0.755088,0.226562,1
0.670000,50.004578,44.828125,6.138734,1.556489,0.246094,1
0.671000,50.259357,44.125000,6.188994,1.509654,0.246094,1
0.672000,50.490360,43.421875,6.239484,1.467191,0.246094,1
0.673000,50.699802,42.734375,0.006999,1.428690,0.246094,1
0.674000,50.889694,58.421875,0.057888,1.393783,0.246094,1
0.675000,51.061863,57.500000,0.108950,1.362134,0.246094,1
0.676000,51.217964,56.593750,0.160168,1.333439,0.246094,1
0.677000,51.359497,55.703125,0.211528,1.307422,0.246094,1
0.678000,51.487820,54.828125,0.263015,1.283834,0.246094,1
0.679000,51.604164,53.968750,0.314620,1.262446,0.246094,1
0.680000,51.240902,53.125000,0.365860,0.305556,0.222656,1
0.681000,50.911541,52.281250,0.416772,0.366100,0.222656,1
0.682000,50.612923,51.453125,0.467385,0.420993,0.222656,1
0.683000,50.342175,50.640625,0.517727,0.470763,0.222656,1
0.684000,50.096695,49.843750,0.567824,0.515888,0.222656,1
0.685000,49.874126,49.062500,0.617698,0.556800,0.222656,1
0.686000,49.672333,48.281250,0.667370,0.593895,0.222656,1
0.687000,49.489372,47.515625,0.716860,0.627528,0.222656,1
0.688000,49.323490,46.765625,0.766183,0.658021,0.222656,1
0.689000,49.173088,46.031250,0.815356,0.685668,0.222656,1
0.690000,49.505474,45.296875,0.864862,1.648235,0.246094,1
0.691000,49.806839,44.578125,0.914669,1.592837,0.246094,1
0.692000,50.080074,43.875000,0.964749,1.542610,0.246094,1
0.693000,50.327808,43.187500,1.015077,1.497071,0.246094,1
0.694000,50.552422,42.500000,1.065629,1.455781,0.246094,1
0.695000,50.756069,58.187500,1.116385,1.418347,0.246094,1
0.696000,50.940712,57.265625,1.167326,1.384405,0.246094,1
0.697000,51.108120,56.359375,1.218434,1.353631,0.246094,1
0.698000,51.259903,55.468750,1.269694,1.325730,0.246094,1
0.699000,51.397522,54.593750,1.321091,1.300433,0.246094,1
0.700000,51.053543,53.734375,1.372145,0.339996,0.222656,1
0.701000,50.741673,52.890625,1.422886,0.397326,0.222656,1
0.702000,50.458908,52.062500,1.473345,0.449305,0.222656,1
0.703000,50.202534,51.234375,1.523548,0.496432,0.222656,1
0.704000,49.970089,50.421875,1.573518,0.539161,0.222656,1
0.705000,49.759338,49.625000,1.623277,0.577902,0.222656,1
0.706000,49.568256,48.843750,1.672846,0.613027,0.222656,1
0.707000,49.395012,48.078125,1.722241,0.644874,0.222656,1
0.708000,49.237934,47.312500,1.771479,0.673748,0.222656,1
0.709000,49.095520,46.562500,1.820574,0.699928,0.222656,1
0.710000,49.435146,45.828125,1.870009,1.661163,0.246094,1
0.711000,49.743073,45.109375,1.919752,1.604559,0.246094,1
0.712000,50.022259,44.390625,1.969775,1.553237,0.246094,1
0.713000,50.275391,43.687500,2.020050,1.506707,0.246094,1
0.714000,50.504894,43.000000,2.070555,1.464518,0.246094,1
0.715000,50.712978,42.328125,2.121268,1.426268,0.246094,1
0.716000,50.901642,58.015625,2.172170,1.391586,0.246094,1
0.717000,51.072697,57.093750,2.223242,1.360143,0.246094,1
0.718000,51.227787,56.187500,2.274470,1.331634,0.246094,1
0.719000,51.368401,55.296875,2.325839,1.305785,0.246094,1
0.720000,51.027142,54.421875,2.376866,0.344849,0.222656,1
0.721000,50.717735,53.562500,2.427583,0.401727,0.222656,1
0.722000,50.437206,52.718750,2.478021,0.453294,0.222656,1
0.723000,50.182858,51.890625,2.528203,0.500049,0.222656,1
0.724000,49.952248,51.078125,2.578156,0.542440,0.222656,1
0.725000,49.743164,50.265625,2.627899,0.580875,0.222656,1
0.726000,49.553593,49.468750,2.677453,0.615722,0.222656,1
0.727000,49.381714,48.687500,2.726834,0.647318,0.222656,1
0.728000,49.225880,47.921875,2.776060,0.675964,0.222656,1
0.729000,49.084591,47.171875,2.825145,0.701937,0.222656,1
0.730000,49.347111,46.421875,2.874492,1.506735,0.242188,1
0.731000,49.585129,45.687500,2.924077,1.462982,0.242188,1
0.732000,49.800934,44.968750,2.973878,1.423312,0.242188,1
0.733000,49.996597,44.265625,3.023875,1.387344,0.242188,1
0.734000,50.174000,43.562500,3.074049,1.354733,0.242188,1
0.735000,50.334843,42.875000,3.124383,1.325166,0.242188,1
0.736000,50.480675,42.203125,3.174864,1.298359,0.242188,1
0.737000,50.612896,57.890625,3.225477,1.274054,0.242188,1
0.738000,50.732777,56.984375,3.276210,1.252017,0.242188,1
0.739000,50.841469,56.093750,3.327051,1.232037,0.242188,1
0.740000,50.471264,55.203125,3.377523,0.276422,0.218750,1
0.741000,50.135612,54.328125,3.427658,0.338123,0.218750,1
0.742000,49.831287,53.468750,3.477490,0.394065,0.218750,1
0.743000,49.555367,52.625000,3.527045,0.444785,0.218750,1
0.744000,49.305199,51.796875,3.576350,0.490772,0.218750,1
0.745000,49.078381,50.984375,3.625429,0.532467,0.218750,1
0.746000,48.872730,50.187500,3.674301,0.570269,0.218750,1
0.747000,48.686275,49.390625,3.722988,0.604544,0.218750,1
0.748000,48.517223,48.609375,3.771505,0.635621,0.218750,1
0.749000,48.363949,47.843750,3.819869,0.663796,0.218750,1
0.750000,48.615604,47.093750,3.868484,1.470592,0.238281,1
0.751000,48.843773,46.343750,3.917328,1.428649,0.238281,1
0.752000,49.050644,45.609375,3.966379,1.390621,0.238281,1
0.753000,49.238209,44.890625,4.015617,1.356142,0.238281,1
0.754000,49.408268,44.187500,4.065026,1.324882,0.238281,1
0.755000,49.562454,43.484375,4.114588,1.296538,0.238281,1
0.756000,49.702251,42.796875,4.164290,1.270841,0.238281,1
0.757000,49.828999,42.125000,4.214119,1.247541,0.238281,1
0.758000,49.943916,57.812500,4.264063,1.226416,0.238281,1
0.759000,50.048107,56.906250,4.314111,1.207263,0.238281,1
0.760000,49.673824,56.015625,4.363785,0.252399,0.214844,1
0.761000,49.334476,55.125000,4.413120,0.314779,0.214844,1
0.762000,49.026798,54.250000,4.462147,0.371337,0.214844,1
0.763000,48.747837,53.390625,4.510895,0.422617,0.214844,1
0.764000,48.494915,52.546875,4.559390,0.469110,0.214844,1
0.765000,48.265598,51.718750,4.607655,0.511264,0.214844,1
0.766000,48.057682,50.906250,4.655713,0.549483,0.214844,1
0.767000,47.869175,50.109375,4.703582,0.584136,0.214844,1
0.768000,47.698261,49.312500,4.751280,0.615554,0.214844,1
0.769000,47.543297,48.531250,4.798824,0.644039,0.214844,1
0.770000,47.871548,47.765625,4.846695,1.607367,0.238281,1
0.771000,48.169163,47.015625,4.894865,1.552659,0.238281,1
0.772000,48.438999,46.265625,4.943304,1.503056,0.238281,1
0.773000,48.683651,45.531250,4.991987,1.458083,0.238281,1
0.774000,48.905468,44.812500,5.040893,1.417308,0.238281,1
0.775000,49.106583,44.109375,5.089999,1.380339,0.238281,1
0.776000,49.288925,43.406250,5.139288,1.346819,0.238281,1
0.777000,49.454250,42.718750,5.188742,1.316429,0.238281,1
0.778000,49.604145,42.046875,5.238346,1.288875,0.238281,1
0.779000,49.740051,57.734375,5.288086,1.263893,0.238281,1
0.780000,49.316395,56.828125,5.337402,0.147491,0.210938,1
0.781000,48.932281,55.937500,5.386334,0.218101,0.210938,1
0.782000,48.584019,55.062500,5.434918,0.282120,0.210938,1
0.783000,48.268261,54.187500,5.483187,0.340164,0.210938,1
0.784000,47.981972,53.328125,5.531168,0.392790,0.210938,1
0.785000,47.722404,52.484375,5.578891,0.440505,0.210938,1
0.786000,47.487064,51.656250,5.626378,0.483766,0.210938,1
0.787000,47.273689,50.843750,5.673652,0.522989,0.210938,1
0.788000,47.080227,50.046875,5.720732,0.558552,0.210938,1
0.789000,46.904823,49.250000,5.767637,0.590796,0.210938,1
0.790000,47.214539,48.468750,5.814851,1.557529,0.234375,1
0.791000,47.495350,47.703125,5.862347,1.505910,0.234375,1
0.792000,47.749950,46.953125,5.910097,1.459108,0.234375,1
0.793000,47.980789,46.218750,5.958077,1.416674,0.234375,1
0.794000,48.190083,45.484375,6.006268,1.378202,0.234375,1
0.795000,48.379841,44.765625,6.054647,1.343319,0.234375,1
0.796000,48.551888,44.062500,6.103199,1.311693,0.234375,1
0.797000,48.707878,43.359375,6.151907,1.283019,0.234375,1
0.798000,48.849308,42.671875,6.200757,1.257020,0.234375,1
0.799000,48.977539,42.000000,6.249734,1.233448,0.234375,1
0.800000,49.484428,41.343750,0.016033,1.993326,0.253906,1
0.801000,49.944008,57.046875,0.065977,1.908845,0.253906,1
0.802000,50.360691,56.140625,0.116337,1.832248,0.253906,1
0.803000,50.738483,55.250000,0.167076,1.762801,0.253906,1
0.804000,51.081017,54.375000,0.218157,1.699836,0.253906,1
0.805000,51.391579,53.515625,0.269548,1.642747,0.253906,1
0.806000,51.673157,52.671875,0.321222,1.590987,0.253906,1
0.807000,51.928455,51.843750,0.373150,1.544057,0.253906,1
0.808000,52.159924,51.031250,0.425310,1.501507,0.253906,1
0.809000,52.369789,50.218750,0.477680,1.462929,0.253906,1
0.810000,52.169441,49.421875,0.529849,0.646702,0.234375,1
0.811000,51.987793,48.640625,0.581837,0.680093,0.234375,1
0.812000,51.823097,47.875000,0.633660,0.710367,0.234375,1
0.813000,51.673775,47.125000,0.685334,0.737817,0.234375,1
0.814000,51.538387,46.375000,0.736872,0.762704,0.234375,1
0.815000,51.415638,45.640625,0.788288,0.785269,0.234375,1
0.816000,51.304344,44.921875,0.839592,0.805727,0.234375,1
0.817000,51.203438,44.218750,0.890796,0.824276,0.234375,1
0.818000,51.111950,43.515625,0.941908,0.841094,0.234375,1
0.819000,51.028999,42.828125,0.992937,0.856341,0.234375,1
0.820000,51.344418,42.156250,1.044281,1.651417,0.253906,1
0.821000,51.630398,41.484375,1.095912,1.598847,0.253906,1
0.822000,51.889687,57.187500,1.147801,1.551184,0.253906,1
0.823000,52.124775,56.281250,1.199926,1.507969,0.253906,1
0.824000,52.337921,55.390625,1.252264,1.468787,0.253906,1
0.825000,52.531174,54.515625,1.304795,1.433263,0.253906,1
0.826000,52.706390,53.656250,1.357501,1.401054,0.253906,1
0.827000,52.865253,52.812500,1.410367,1.371852,0.253906,1
0.828000,53.009289,51.984375,1.463376,1.345375,0.253906,1
0.829000,53.139881,51.171875,1.516516,1.321368,0.253906,1
0.830000,52.867661,50.359375,1.569383,0.518353,0.234375,1
0.831000,52.620846,49.562500,1.622004,0.563723,0.234375,1
0.832000,52.397068,48.781250,1.674401,0.604859,0.234375,1
0.833000,52.194176,48.015625,1.726595,0.642155,0.234375,1
0.834000,52.010220,47.250000,1.778606,0.675971,0.234375,1
0.835000,51.843433,46.500000,1.830449,0.706630,0.234375,1
0.836000,51.692211,45.765625,1.882141,0.734428,0.234375,1
0.837000,51.555103,45.046875,1.933696,0.759631,0.234375,1
0.838000,51.430794,44.328125,1.985127,0.782483,0.234375,1
0.839000,51.318085,43.625000,2.036445,0.803201,0.234375,1
0.840000,51.606522,42.937500,2.088052,1.603235,0.253906,1
0.841000,51.868038,42.265625,2.139920,1.555163,0.253906,1
0.842000,52.105145,57.953125,2.192025,1.511577,0.253906,1
0.843000,52.320122,57.046875,2.244345,1.472059,0.253906,1
0.844000,52.515034,56.140625,2.296860,1.436229,0.253906,1
0.845000,52.691757,55.250000,2.349552,1.403744,0.253906,1
0.846000,52.851986,54.375000,2.402404,1.374290,0.253906,1
0.847000,52.997257,53.515625,2.455401,1.347585,0.253906,1
0.848000,53.128971,52.671875,2.508530,1.323373,0.253906,1
0.849000,53.248390,51.843750,2.561779,1.301421,0.253906,1
0.850000,52.966042,51.031250,2.614745,0.500268,0.234375,1
0.851000,52.710045,50.218750,2.667455,0.547326,0.234375,1
0.852000,52.477940,49.421875,2.719933,0.589992,0.234375,1
0.853000,52.267498,48.640625,2.772200,0.628676,0.234375,1
0.854000,52.076698,47.875000,2.824277,0.663750,0.234375,1
0.855000,51.903706,47.125000,2.876181,0.695550,0.234375,1
0.856000,51.746861,46.375000,2.927927,0.724382,0.234375,1
0.857000,51.604652,45.640625,2.979532,0.750523,0.234375,1
0.858000,51.475719,44.921875,3.031008,0.774225,0.234375,1
0.859000,51.358818,44.218750,3.082367,0.795713,0.234375,1
0.860000,51.643452,43.515625,3.134010,1.596447,0.253906,1
0.861000,51.901520,42.828125,3.185912,1.549008,0.253906,1
0.862000,52.135502,58.515625,3.238047,1.505996,0.253906,1
0.863000,52.347649,57.593750,3.290395,1.467000,0.253906,1
0.864000,52.539993,56.687500,3.342935,1.431642,0.253906,1
0.865000,52.714386,55.796875,3.395649,1.399585,0.253906,1
0.866000,52.872501,54.921875,3.448522,1.370519,0.253906,1
0.867000,53.015862,54.062500,3.501538,1.344167,0.253906,1
0.868000,53.145840,53.203125,3.554684,1.320273,0.253906,1
0.869000,53.263687,52.359375,3.607947,1.298609,0.253906,1
0.870000,52.979908,51.531250,3.660927,0.497719,0.234375,1
0.871000,52.722618,50.718750,3.713650,0.545015,0.234375,1
0.872000,52.489342,49.921875,3.766139,0.587896,0.234375,1
0.873000,52.277836,49.140625,3.818417,0.626776,0.234375,1
0.874000,52.086071,48.359375,3.870503,0.662027,0.234375,1
0.875000,51.912205,47.593750,3.922415,0.693988,0.234375,1
0.876000,51.754566,46.843750,3.974170,0.722965,0.234375,1
0.877000,51.611641,46.109375,4.025782,0.749239,0.234375,1
0.878000,51.482056,45.375000,4.077264,0.773059,0.234375,1
0.879000,51.364563,44.656250,4.128628,0.794657,0.234375,1
0.880000,51.648663,43.953125,4.180277,1.595489,0.253906,1
0.881000,51.906246,43.265625,4.232183,1.548139,0.253906,1
0.882000,52.139790,58.937500,4.284323,1.505209,0.253906,1
0.883000,52.351536,58.015625,4.336674,1.466285,0.253906,1
0.884000,52.543518,57.093750,4.389218,1.430994,0.253906,1
0.885000,52.717583,56.187500,4.441936,1.398996,0.253906,1
0.886000,52.875401,55.296875,4.494811,1.369986,0.253906,1
0.887000,53.018490,54.421875,4.547830,1.343683,0.253906,1
0.888000,53.148224,53.562500,4.600978,1.319835,0.253906,1
0.889000,53.265846,52.718750,4.654244,1.298212,0.253906,1
0.890000,52.981869,51.890625,4.707226,0.497359,0.234375,1
0.891000,52.724396,51.078125,4.759950,0.544689,0.234375,1
0.892000,52.490952,50.265625,4.812441,0.587601,0.234375,1
0.893000,52.279297,49.468750,4.864721,0.626508,0.234375,1
0.894000,52.087395,48.687500,4.916808,0.661784,0.234375,1
0.895000,51.913403,47.921875,4.968721,0.693767,0.234375,1
0.896000,51.755650,47.171875,5.020477,0.722766,0.234375,1
0.897000,51.612621,46.421875,5.072090,0.749058,0.234375,1
0.898000,51.482944,45.687500,5.123573,0.772897,0.234375,1
0.899000,51.365368,44.968750,5.174938,0.794509,0.234375,1
0.900000,51.649391,44.265625,5.226588,1.595355,0.253906,1
0.901000,51.906906,43.562500,5.278495,1.548018,0.253906,1
0.902000,52.140388,59.234375,5.330635,1.505099,0.253906,1
0.903000,52.352077,58.296875,5.382987,1.466185,0.253906,1
0.904000,52.544010,57.375000,5.435531,1.430903,0.253906,1
0.905000,52.718029,56.468750,5.488249,1.398915,0.253906,1
0.906000,52.875805,55.578125,5.541125,1.369912,0.253906,1
0.907000,53.018856,54.703125,5.594144,1.343616,0.253906,1
0.908000,53.148556,53.843750,5.647293,1.319774,0.253906,1
0.909000,53.266148,53.000000,5.700559,1.298157,0.253906,1
0.910000,52.982140,52.171875,5.753541,0.497309,0.234375,1
0.911000,52.724640,51.343750,5.806266,0.544643,0.234375,1
0.912000,52.491173,50.531250,5.858757,0.587560,0.234375,1
0.913000,52.279495,49.734375,5.911037,0.626471,0.234375,1
0.914000,52.087574,48.953125,5.963125,0.661751,0.234375,1
0.915000,51.913567,48.187500,6.015038,0.693738,0.234375,1
0.916000,51.755802,47.421875,6.066794,0.722739,0.234375,1
0.917000,51.612759,46.671875,6.118407,0.749032,0.234375,1
0.918000,51.483067,45.937500,6.169890,0.772874,0.234375,1
0.919000,51.365479,45.218750,6.221256,0.794489,0.234375,1
0.920000,51.727615,44.500000,6.272984,1.751587,0.257812,1
0.921000,52.055954,43.796875,0.041854,1.691231,0.257812,1
0.922000,52.353649,59.468750,0.094208,1.636507,0.257812,1
0.923000,52.623558,58.531250,0.146831,1.586892,0.257812,1
0.924000,52.868275,57.609375,0.199699,1.541907,0.257812,1
0.925000,53.090153,56.703125,0.252790,1.501121,0.257812,1
0.926000,53.291321,55.812500,0.306081,1.464141,0.257812,1
0.927000,53.473713,54.937500,0.359555,1.430613,0.257812,1
0.928000,53.639084,54.078125,0.413194,1.400214,0.257812,1
0.929000,53.789021,53.218750,0.466983,1.372653,0.257812,1
0.930000,53.456211,52.375000,0.520439,0.410163,0.234375,1
0.931000,53.154465,51.546875,0.573593,0.465631,0.234375,1
0.932000,52.880882,50.734375,0.626474,0.515923,0.234375,1
0.933000,52.632832,49.937500,0.679107,0.561519,0.234375,1
0.934000,52.407932,49.156250,0.731515,0.602861,0.234375,1
0.935000,52.204025,48.375000,0.783719,0.640345,0.234375,1
0.936000,52.019150,47.609375,0.835738,0.674329,0.234375,1
0.937000,51.851528,46.859375,0.887590,0.705141,0.234375,1
0.938000,51.699551,46.125000,0.939289,0.733078,0.234375,1
0.939000,51.561760,45.390625,0.990851,0.758408,0.234375,1
0.940000,51.905579,44.671875,1.042757,1.718873,0.257812,1
0.941000,52.217308,43.968750,1.094974,1.661570,0.257812,1
0.942000,52.499943,59.640625,1.147474,1.609615,0.257812,1
0.943000,52.756199,58.703125,1.200230,1.562509,0.257812,1
0.944000,52.988537,57.781250,1.253219,1.519800,0.257812,1
0.945000,53.199188,56.875000,1.306418,1.481077,0.257812,1
0.946000,53.390179,55.984375,1.359808,1.445968,0.257812,1
0.947000,53.563347,55.109375,1.413371,1.414137,0.257812,1
0.948000,53.720352,54.234375,1.467092,1.385275,0.257812,1
0.949000,53.862701,53.375000,1.520954,1.359107,0.257812,1
0.950000,53.523014,52.531250,1.574477,0.397883,0.234375,1
0.951000,53.215031,51.703125,1.627692,0.454497,0.234375,1
0.952000,52.935795,50.890625,1.680628,0.505828,0.234375,1
0.953000,52.682621,50.093750,1.733311,0.552367,0.234375,1
0.954000,52.453075,49.296875,1.785764,0.594563,0.234375,1
0.955000,52.244957,48.515625,1.838009,0.632821,0.234375,1
0.956000,52.056259,47.750000,1.890065,0.667507,0.234375,1
0.957000,51.885174,47.000000,1.941950,0.698957,0.234375,1
0.958000,51.730057,46.265625,1.993680,0.727471,0.234375,1
0.959000,51.589417,45.531250,2.045270,0.753324,0.234375,1
0.960000,51.930653,44.812500,2.097200,1.714264,0.257812,1
0.961000,52.240044,60.468750,2.149441,1.657391,0.257812,1
0.962000,52.520557,59.515625,2.201961,1.605826,0.257812,1
0.963000,52.774887,58.578125,2.254736,1.559074,0.257812,1
0.964000,53.005482,57.656250,2.307741,1.516685,0.257812,1
0.965000,53.214554,56.750000,2.360956,1.478253,0.257812,1
0.966000,53.404114,55.859375,2.414360,1.443408,0.257812,1
0.967000,53.575981,54.984375,2.467936,1.411814,0.257812,1
0.968000,53.731808,54.125000,2.521668,1.383169,0.257812,1
0.969000,53.873089,53.265625,2.575541,1.357198,0.257812,1
0.970000,53.532433,52.421875,2.629073,0.396152,0.234375,1
0.971000,53.223572,51.593750,2.682297,0.452928,0.234375,1
0.972000,52.943539,50.781250,2.735240,0.504405,0.234375,1
0.973000,52.689640,49.984375,2.787930,0.551077,0.234375,1
0.974000,52.459438,49.203125,2.840389,0.593393,0.234375,1
0.975000,52.250725,48.421875,2.892640,0.631760,0.234375,1
0.976000,52.061489,47.656250,2.944702,0.666546,0.234375,1
0.977000,51.889915,46.906250,2.996592,0.698085,0.234375,1
0.978000,51.734356,46.171875,3.048326,0.726681,0.234375,1
0.979000,51.593315,45.437500,3.099919,0.752607,0.234375,1
0.980000,51.934189,44.718750,3.151854,1.713614,0.257812,1
0.981000,52.243248,60.375000,3.204097,1.656802,0.257812,1
0.982000,52.523460,59.421875,3.256620,1.605292,0.257812,1
0.983000,52.777519,58.484375,3.309398,1.558590,0.257812,1
0.984000,53.007866,57.562500,3.362406,1.516247,0.257812,1
0.985000,53.216717,56.656250,3.415622,1.477856,0.257812,1
0.986000,53.406075,55.765625,3.469028,1.443047,0.257812,1
0.987000,53.577759,54.890625,3.522606,1.411487,0.257812,1
0.988000,53.733418,54.031250,3.576339,1.382873,0.257812,1
0.989000,53.874550,53.171875,3.630214,1.356930,0.257812,1
0.990000,53.611885,52.328125,3.683826,0.552158,0.238281,1
0.991000,53.373734,51.500000,3.737200,0.595936,0.238281,1
0.992000,53.157810,50.687500,3.790357,0.635628,0.238281,1
0.993000,52.962040,49.890625,3.843319,0.671615,0.238281,1
0.994000,52.784542,49.109375,3.896104,0.704243,0.238281,1
0.995000,52.623611,48.328125,3.948727,0.733826,0.238281,1
0.996000,52.477699,47.562500,4.001205,0.760648,0.238281,1
0.997000,52.345406,46.812500,4.053550,0.784967,0.238281,1
0.998000,52.225460,46.078125,4.105776,0.807016,0.238281,1
0.999000,52.116707,45.343750,4.157893,0.827006,0.238281,1
1.000000,52.408730,44.625000,4.210301,1.626382,0.257812,1
